State,Present
Pawn,1.0
Rook,0.7779215332863402
Bishop,0.2876161073585966
Knight,0.2119511389897656
Queen,0.03633346122616509
