adv,percentage,percent
0,39068,0.348594219838855
1,61113,0.5452963693307041
2,11892,0.1061094108304409
